수신년도,수신월,수신일,수신시분초,신고년도,신고월,신고일,신고시분초,URL주소
2020,1,1,101136,2020,1,1,101322,hxxps://bit.ly/2F3ZKuZ
2020,1,1,101210,2020,1,1,132919,hxxps://iii.im/8BkK
2020,1,1,111804,2020,1,1,111840,hxxps://tuney.kr/mk1
2020,1,1,112359,2020,1,1,185818,hxxps://iii.im/8BkK
2020,1,1,114716,2020,1,1,163343,hxxp://band-us.io/589/7
2020,1,1,115214,2020,1,1,115239,hxxp://xco.kr/nDV
2020,1,1,115717,2020,1,1,120032,hxxps://vvd.bz/dIG
2020,1,1,120134,2020,1,1,184125,hxxps://vvd.bz/dIG
2020,1,1,120648,2020,1,1,120719,hxxp://na.to/nDh
2020,1,1,121805,2020,1,1,153827,hxxps://iii.im/nq7K
2020,1,1,124146,2020,1,1,140151,hxxp://pf.kakao.com/_DXYIxb/friend
2020,1,1,124243,2020,1,1,145049,hxxp://band-us.io/131/1
2020,1,1,124248,2020,1,1,135828,hxxp://pf.kakao.com/_DXYIxb/friend
2020,1,1,124248,2020,1,1,181022,hxxp://band-us.io/131/1
2020,1,1,125246,2020,1,1,125443,hxxp://investme.kr/6
2020,1,1,132444,2020,1,1,195934,hxxps://bit.ly/359nuIz
2020,1,1,133147,2020,1,1,143507,hxxps://bit.ly/359nuIz
2020,1,1,140847,2020,1,1,153428,hxxps://open.kakao.com/o/sjqtgYQb
2020,1,1,140858,2020,1,1,153253,hxxps://tuney.kr/777
2020,1,1,141125,2020,1,1,141146,hxxps://bit.ly/2F6U0k9
2020,1,1,141316,2020,1,1,161118,hxxps://bit.ly/39txyj4
2020,1,1,141317,2020,1,1,141507,hxxps://cutt.ly/RrydWMK
2020,1,1,142909,2020,1,1,152752,hxxps://bit.ly/39txyj4
2020,1,1,142918,2020,1,1,162705,hxxps://open.kakao.com/o/sjqtgYQb
2020,1,1,142918,2020,1,1,181423,hxxps://bit.ly/39txyj4
2020,1,1,142929,2020,1,1,150057,hxxps://open.kakao.com/o/sjqtgYQb
2020,1,1,142929,2020,1,1,162819,hxxps://bit.ly/39txyj4
2020,1,1,155022,2020,1,1,155105,hxxps://bit.ly/35dX5td
2020,1,1,155032,2020,1,1,155135,hxxp://reurl.kr/655FC85YH
2020,1,1,155036,2020,1,1,173234,hxxps://bit.ly/35dX5td
2020,3,19,193015,2020,3,19,195002,hxxp://bit.ly/2U9RD77_005
2020,3,19,193121,2020,3,19,193140,hxxp://tv7.kr/S/d8usl
2020,5,27,144533,2020,5,27,144704,hxxps://tr.im/hmmbv
2020,5,27,144535,2020,5,27,152311,hxxps://url.kr/qFeNP9
2020,6,5,140358,2020,6,5,140412,hxxp://click.gl/sIS1Ha
2020,6,5,140820,2020,6,5,152804,hxxps://url.kr/Wtx6gv
2020,6,5,140826,2020,6,5,143419,hxxp://click.gl/qVdqG6
2020,6,5,141036,2020,6,5,151405,hxxps://tr.im/GoGoNY
2020,6,6,165826,2020,6,6,194252,hxxp://click.gl/YZOwGv
2020,6,6,170040,2020,6,6,223156,hxxp://bit.ly/3gY8mF9
2020,6,6,170454,2020,6,6,170546,hxxp://band-us.tv/kakao/123
2020,6,6,170456,2020,6,6,174104,hxxp://band-us.tv/kakao/123
2020,6,6,170456,2020,6,6,170529,hxxp://bit.ly/3gY8mF9
2020,6,6,170557,2020,6,6,171308,hxxp://band-us.tv/kakao/123
2020,6,6,170900,2020,6,6,180934,hxxp://bit.ly/3gY8mF9
2020,6,6,171029,2020,6,6,171302,hxxp://bit.ly/3gY8mF9
2020,6,6,171035,2020,6,6,172805,hxxps://vo.la/jZzJ
2020,6,6,172357,2020,6,6,174856,hxxp://band-us.tv/kakao/123
2020,6,6,172540,2020,6,6,185831,hxxps://vo.la/jZzJ
2020,6,6,172540,2020,6,6,231945,hxxp://band-us.tv/kakao/123
2020,6,17,185748,2020,6,17,191236,hxxps://bit.ly/2N4WGT9
2020,6,17,185757,2020,6,17,185818,hxxp://lco.jp/asZ3
2020,6,17,185834,2020,6,17,185946,hxxps://bit.ly/2Y8LStC
2020,6,17,185834,2020,6,17,185911,hxxps://bit.ly/2N4WGT9
2020,6,17,185837,2020,6,17,203957,hxxps://bit.ly/2Y8LStC
2020,6,17,185840,2020,6,17,190625,hxxps://bit.ly/2N4WGT9
2020,6,17,185841,2020,6,17,185902,hxxps://bit.ly/2N4WGT9
2020,6,17,185844,2020,6,17,185932,hxxps://bit.ly/2N4WGT9
2020,6,17,185845,2020,6,17,194923,hxxps://bit.ly/2Y8LStC
2020,6,17,190240,2020,6,17,192216,hxxp://gg.gg/joj7v
2020,6,17,192419,2020,6,17,192448,hxxp://lco.jp/asZ3
2020,6,17,194523,2020,6,17,205528,hxxp://coz.jp/asZR
2020,6,18,103935,2020,6,18,113516,hxxps://han.gl/KR0nT
2020,6,18,111321,2020,6,18,212442,hxxps://han.gl/KHf2Y
2020,6,18,112542,2020,6,18,113430,hxxps://tr.im/chwl10
2020,6,18,113212,2020,6,18,134609,hxxp://new.so/atau6
2020,6,30,112738,2020,6,30,114830,hxxps://bit.ly/2AiKkEk
2020,6,30,112743,2020,6,30,120714,hxxps://bit.ly/hshs1004
2020,6,30,112746,2020,6,30,112813,hxxps://bit.ly/hshs1004
2020,6,30,112746,2020,6,30,125837,hxxps://bit.ly/2AiKkEk
2020,6,30,112746,2020,6,30,141911,hxxps://bit.ly/2AiKkEk
2020,6,30,112747,2020,6,30,121438,hxxps://bit.ly/2AiKkEk
2020,6,30,112751,2020,6,30,114333,hxxps://bit.ly/2AiKkEk
2020,6,30,112752,2020,6,30,122112,hxxps://tr.im/rhrxps
2020,6,30,112756,2020,6,30,113801,hxxps://tr.im/rhrxps
2020,7,2,143543,2020,7,2,145818,hxxps://bit.ly/2NWnGF7
2020,7,2,143548,2020,7,2,143620,hxxp://do.cco.kr
2020,7,2,143550,2020,7,2,143617,hxxp://do.cco.kr
2020,7,2,143554,2020,7,2,164525,hxxps://bit.ly/DJAF7535
2020,7,4,130157,2020,7,4,130255,hxxps://bit.ly/LHSHY399
2020,7,4,130157,2020,7,4,130216,hxxps://bit.ly/LYJMM13
2020,7,4,132211,2020,7,4,151214,hxxps://bit.ly/LHNM723
2020,7,4,132219,2020,7,4,165504,hxxp://na.to/augS
2020,7,9,162708,2020,7,9,163009,hxxp://bit.ly/2DfYerN
2020,7,9,162712,2020,7,9,183207,hxxp://gg.gg/kamk8
2020,7,9,162713,2020,7,9,165310,hxxp://bit.ly/2DfYerN
2020,7,9,162715,2020,7,9,162805,hxxps://bit.ly/LHSpick
2020,7,12,173303,2020,7,12,232947,hxxp://gg.gg/k0nl9
2020,7,12,173304,2020,7,12,173504,hxxp://click.gl/hebKMK
2020,7,12,173337,2020,7,12,175424,hxxp://bit.ly/302hctJ
2020,7,14,202653,2020,7,14,210551,hxxps://url.kr/okvfgO
2020,7,14,202654,2020,7,14,204830,hxxp://click.gl/VLhCrI
2020,7,14,202654,2020,7,14,213648,hxxps://url.kr/UVP24c
2020,7,19,122358,2020,7,19,125201,hxxp://click.gl/adfsd
2020,7,19,122400,2020,7,19,153216,hxxp://click.gl/LAAacn
2020,7,21,83730,2020,7,21,85220,hxxps://url.kr/UVP24c
2020,7,21,83731,2020,7,21,83743,hxxps://url.kr/okvfgO
2020,7,21,83732,2020,7,21,85715,hxxps://bit.ly/2LgVCL5hxxps://bit.ly/2LgVCL5
2020,7,21,183314,2020,7,21,183402,hxxp://bit.ly/2E5o9TB
2020,7,21,183315,2020,7,21,184553,hxxp://click.gl/ZbunRb
2020,7,21,183320,2020,7,21,190550,hxxp://bit.ly/2E5o9TB
2020,11,21,182537,2020,11,21,190300,hxxps://vo.la/hfxlP
2020,11,21,182951,2020,11,21,184320,hxxp://sum-kakaoplus.com/13
2020,11,23,210447,2020,11,23,214620,hxxps://vo.la/Y6iSo
2020,11,23,221832,2020,11,23,221832,hxxp://click.gl/eAGEnL
